intent,text
greeting,"Halo, apa kabar?"
greeting,"Hai, senang bertemu denganmu!"
greeting,"Selamat pagi!"
greeting,"Selamat siang!"
greeting,"Selamat sore!"
greeting,"Selamat malam!"
greeting,"Hai!"
greeting,"Halo!"
greeting,"Hai, apa kabar hari ini?"
greeting,"Hai, bagaimana kabarmu?"
greeting,"Hi, how are you?"
greeting,"Hello, nice to meet you!"
greeting,"Good morning!"
greeting,"Hi, how's your day going?"
greeting,"Hey, how are you doing?"
time,"Sekarang jam berapa?"
time,"Pukul berapa sekarang?"
time,"Boleh tahu jam berapa sekarang?"
time,"What time is it now?"
time,"Can you tell me the current time?"
time,"What's the current time?"
time,"What time is it?"
time,"Could you let me know the time?"
date,"Tanggal berapa sekarang?"
date,"Sekrang sudah tanggal berapa ya?"
date,"hari apa sekarang?"
date,"Tolong informasikan tanggal hari ini."
date,"Saya ingin tahu tanggal saat ini."
date,"Bisa beri tahu saya tanggal sekarang?"
date,"Tanggal sekarang apa ya?"
date,"What date today?"
date,"What date now?"
date,"What is the date today?"
date,"Can you please provide the current date?"
date,"I want to know the current date."
date,"Can you tell me the date today?"
date,"What's the current date?"
name,"nama kamu siapa?"
name,"nama please?"
name,"tebak nama kamu?"
name,"saya perlu tahu nama kamu?"
name,"ayolah, sebutkan nama kamu?"
name,"apakah kamu punya nama?"
name,"kiri-kira siapa nama kamu?"
name,"Siapa nama kamu?"
name,"Siapa nama chatbot ini?"
name,"Boleh tahu nama chatbotnya?"
name,"Chatbot ini namanya apa ya?"
name,"Tolong beritahu saya nama chatbot."
name,"Chatbot ini diberi nama apa?"
name,"What is your name?"
name,"What is the name of this chatbot?"
name,"May I know the name of the chatbot?"
name,"What's the name of this chatbot?"
name,"Can you please tell me the name of the chatbot?"
name,"What is the chatbot's name?"
hobby,"Apa hobi kamu?"
hobby,"Apa yang kamu sukai?"
hobby,"Apa hobi kamu?"
hobby,"hobi kamu?"
hobby,"hobi hobby kamu?"
hobby,"hobi kamu apa?"
hobby,"Apa kebiasaan kamu?"
hobby,"Bisakah kamu berbagi tentang hobi yang kamu miliki?"
hobby,"Apakah ada hobi yang kamu sukai?"
hobby,"Bagaimana kamu biasanya menghabiskan waktu luang?"
hobby,"Ceritakan tentang kegiatan favoritmu."
hobby,"What are your hobbies or habits?"
hobby,"Can you share about the hobbies you have?"
hobby,"Do you have any hobbies you enjoy?"
hobby,"How do you usually spend your free time?"
hobby,"Tell me about your favorite activities."
human,"Apakah kamu manusia?"
human,"siapa kamu?"
human,"Apakah kamu robot?"
human,"Apakah kamu ai kecerdasan buatan?"
human,"Kamu manusia atau bukan?"
human,"Bisakah kamu mengatakan apakah kamu manusia atau tidak?"
human,"Apa asalmu? Manusia atau bukan?"
human,"Apakah kamu memiliki kehidupan seperti manusia?"
human,"Are you a human?"
human,"Are you a human or not?"
human,"Can you tell me if you're a human or not?"
human,"What is your origin? Are you a human or something else?"
human,"Do you have a human-like existence?"
human,"apakah kamu punya perasaan?"
human,"apakah kamu hidup seperti manusia?"
human,"apakah kamu nyata?"
human,"Apakah kamu bisa memprediksi sesuatu?"
thankyou,"Terima kasih!"
thankyou,"Makasih ya!"
thankyou,"Terima kasih banyak!"
thankyou,"Saya sangat menghargai bantuanmu!"
thankyou,"Sangat berterima kasih atas apa yang telah kamu lakukan!"
thankyou,"Thank you!"
thankyou,"Thanks!"
thankyou,"Thank you so much!"
thankyou,"I really appreciate your help!"
thankyou,"I'm extremely grateful for what you've done!"
good,"mantap sekali."
good,"mantap."
good,"pintar."
good,"pintarrrr sekali."
good,"Oke."
good,"Oke oke ok."
good,"Baik."
good,"Bagus."
good,"bagussssssss sekali"
good,"mantap sekali"
good,"Sip."
good,"Lancar jaya."
good,"Okay."
good,"Good."
good,"Good job."
good,"Great."
good,"Alright."
good,"Smooth sailing."
good,"saya suka unklab"
general,"apa kepanjangan dari unklab?"
general,"apa arti kata unklab?"
general,"berapa jumlah dosen di unklab?"
general,"dosen di fakultas apa?"
general,"berapa fakultas di universitas klabat?"
general,"apa kepanjangan dari kata unklab?"
general,"apa kepanjangan dari istilah unklab?"
general,"aku senang dengan unklab."
general,"seberapa besar universitas klabat?"
general,"universitas klabat"
general,"universitas klabat (Unklab)"
general,"Deskripsikan tentang unklab dengan singkat."
general,"Dengan 2 kalimat, jelaskan tentang unklab?"
general,"Dengan menggunakan 3 kalimat, jelaskan tentang unklab?"
general,"Hal baru apa saja yang ada di unklab?"
general,"unklab"
general,"Gambaran unklab itu seperti apa?"
general,"Gambaran universitas klabat itu seperti apa?"
general,"Gambaran campus unklab itu seperti apa?"
general,"berikan saya sedikit gambaran tentang unklab universitas klabat?"
general,"dapatkah kamu gambarkan campus unklab itu seperti apa?"
general,"Saya senang dengan kamu."
general,"apa itu unklab?"
general,"apakah kamu tahu tentang unklab?"
general,"apakah kamu tahu tentang universitas klabat?"
general,"apa itu universitas klabat?"
general,"universitas klabat?"
general,"klabat university?"
general,"saya tidak tahu universitas klabat?"
general,"saya tidak tahu unklab?"
general,"berikan saya sedikit informasi tentang unklab?"
general,"informasi tentang unklab."
general,"informasi umum tentang universitas klabat."
general,"berikan sedikit informasi tentang unklab?"
general,"apa ya unklab itu?"
general,"unklab adalah"
general,"universitas klabat adalah"
general,"Alamat dari campus Unklab?"
general,"dimana alamat unklab"
general,"dimana situs web unklab?"
general,"dimana alamat situs website unklab?"
general,"dimana lokasi unklab"
general,"saya mau ke unklab, tapi tidak tahu alamat unklab."
general,"dimana alamat atau lokasi unklab"
general,"Nomor telepon unklab?"
general,"apakah kamu tahu nomor telepon unklab?"
general,"apakah ada nomor yang bisa dihubungi di unklab?"
general,"Email unklab?"
general,"nomor hp unklab yang bisa dihubungi?"
general,"Email unklab yang bisa dihubungi?"
general,"apakah kamu tahu email unklab?"
general,"dimana alamat unklab sekarang?"
general,"apa yang kamu suka dengan unklab?"
general,"apakah kamu suka dengan Universitas Klabat?"
general,"apakah kamu suka dengan unklab?"
general,"apa yang menarik dari Universitas Klabat?"
general,"saya butuh bantuan untuk cari informasi tentang unklab?"
general,"bagaimana keamanan di dalam campus unklab?"
general,"bagaimana keadaan di dalam campus unklab?"
general,"apa saja yang perlu di siapkan untuk pendaftaran?"
general,"Dimana alamat dari campus universitas klabat (Unklab)"
general,"Sistem pendidikan apa yang diadopsi oleh unklab?"
general,"Apa yang dimaksud dengan Bilingual Campus di unklab?"
general,"Mengapa unklab disebut sebagai Bilingual Campus?"
general,"Berapa total program studi di unklab?"
general,"Dosen unklab tamat dari mana saja?"
general,"Dosen dengan gelar Master dan Doktor tamat dari mana?"
general,"Budaya kampus di UNKLAB didasarkan pada pemahaman nasional"
general,"UNKLAB memiliki komunitas kampus yang dinamis"
general,"Informasi Alamat Unklab"
general,"Saya mau ke unklab, tapi tidak tahu alamat unklab. Bisa berikan saya alamat tempat, email dan nomor telepon yang bisa dihubungi?"
general,"Saya lupa password akun SIU saya"
general,"Akreditasi INSTITUSI & PROGRAM STUDI"
general,"sarana dan prasarana yang dirasa di unklab"
general,"Terdapat berapa fakultas di unklab?"
general,"ada berapa fakultas atau prodi di unklab?"
general,"Unklab ejournal system"
general,"CogITo Smart Journal"
general,"Pengabdian Kepada Masyarakat (PKM)"
general,"universitas klabat disingkat Unklab"
general,"universitas klabat didirikan pada tangal 7 Oktober 1965"
general,"Bidang ilmu yang Dikelola oleh unklab"
general,"Gereja Masehi Advent Hari Ketujuh (disingkat GMAHK)"
general,"Apa yang ditawarkan oleh universitas klabat?"
general,"Siapa nama rektor universitas klabat?"
general,"rektor unklab?"
general,"Siapa wakil rektor bagian akademis?"
general,"Fakultas apa yang paling terbaik di unklab?"
general,"rektor universitas klabat?"
general,"siapa yang menjadi rektor unklab sekarang?"
general,"siapa rektor unklab?"
general,"siapa rektor di unklab"
general,"nama rektor di unklab sekarang?"
general,"siapa nama rektor di unklab sekarang?"
general,"siapa rektor sekarang?"
general,"siapa wakil rektor unklab?"
general,"siapa rektor di unklab sekarang?"
general,"Sebutkan 3 wakil rektor yang ada di Unklab?"
general,"3 wakil rektor yang ada di Unklab?"
general,"3 wakil rektor?"
general,"3 wakil rektor Unklab?"
general,"3 wakil rektor di unklab?"
general,"3 wakil rektor di universitas klabat (Unklab)"
general,"nama wakil rektor bidang akademis universitas klabat?"
general,"nama wakil rektor bidang akademis unklab?"
general,"Siapa nama wakil rektor bidang akademis universitas klabat?"
general,"nama wakil rektor bidang keuangan unklab?"
general,"nama wakil rektor bidang keuangan universitas klabat?"
general,"Siapa nama wakil rektor bidang keuangan universitas klabat?"
general,"nama wakil rektor bidang kemahasiswaan universitas klabat?"
general,"Siapa nama wakil rektor bidang kemahasiswaan universitas klabat?"
general,"Siapa nama wakil rektor bidang kemahasiswaan unklab?"
general,"Apa program studi yang ditawarkan oleh universitas klabat?"
general,"Apa saja fasilitas yang tersedia di universitas klabat?"
general,"Apakah universitas klabat memiliki kampus lain selain di Manado?"
general,"Apa saja kegiatan ekstrakurikuler yang ada di universitas klabat?"
general,"Siapa pendiri dari universitas klabat?"
general,"Apakah universitas klabat memiliki program pertukaran pelajar?"
general,"Who is the rector of Klabat University?"
general,"How is the president of klabat universit?"
general,"What study programs are offered by Klabat University?"
general,"What facilities are available at Klabat University?"
general,"What are the tuition fees at Klabat University?"
general,"Does Klabat University have campuses other than in Manado?"
general,"What extracurricular activities are available at Klabat University?"
general,"What is the history of Klabat University's establishment?"
general,"Who is the founder of Klabat University?"
general,"Does Klabat University have a student exchange program?"
general,"bisakah kamu membantu saya untuk mencari informasi tentang unklab?"
general,"fakultas apa yang terbaik di unklab?"
general,"fakultas apa yang paling bagus di unklab?"
general,"fakultas apa yang menawarkan karir yang bagus di unklab?"
general,"fakultas apa yang paling disukai di unklab?"
general,"fakultas apa yang paling banyak mahasiswa di unklab?"
general,"bagaimana cara mengunjungi perpustakaan di unklab?"
general,"apakah benar di universitas klabat terdapat fakultas ?"
general,"apakah di universitas klabat terdapat fakultas ?"
general,"apakah di unklab terdapat fakultas ?"
general,"Berapa tahun untuk menyelesaikan gelar s1 di unklab?"
general,"Jika ada masalah akademis di unklab harus di konsultasikan ke siapa?"
general,"Bagaimana cara untuk bayar uang kuliah di unklab?"
general,"Mengapa di unklab tidak bisa mengrokok?"
general,"Mengapa di universitas klabat tidak bisa mengrokok?"
general,"Mengapa saya harus memilih universitas klabat?"
general,"Mengapa saya harus memilih unklab?"
general,"apa kelebihan universitas klabat?"
general,"apa kelebihan universitas klabat dengan campus lain?"
general,"apa kelebihan unklab?"
general,"siapa bendahara unklab?"
general,"siapa nama sekretaris rektor unklab?"
general,"apa kekurangan di universitas klabat?"
general,"apa kekurangan di unklab?"
general,"Dimana lokasi ruangan dari business office?"
general,"Dimana lokasi ruangan dari fakultas?"
general,"Universitas klabat peringkat keberapa di sulawesi utara?"
general,"Dosen unklab lulusan dari mana saja?"
general,"apa kepanjangan dari SIU?"
general,"Apakah unklab menggunakan bahasa inggris?"
general,"Apakah universitas klabat menggunakan bahasa inggris?"
general,"Apakah unklab harus menggunakan bahasa inggris?"
general,"Apakah unklab termasuk Bilingual Campus"
general,"Berapa jauh dari manado ke campus unklab?"
general,"Apakah kamu memiliki konteks percakapan yang tepat?"
general,"Hai, bagaimana kabarmu?"
general,"Apa yang kamu lakukan hari ini?"
general,"Apakah kamu punya rencana untuk akhir pekan ini?"
general,"Apa yang kamu pikirkan tentang topik ini?"
general,"Bagaimana cara terbaik untuk menyelesaikan masalah ini?"
general,"Apa yang bisa saya lakukan untuk membantu?"
general,"Apa yang membuatmu tertarik dengan hal ini?"
general,"Apa yang bisa saya lakukan untuk membuatmu senang?"
general,"Apa yang bisa saya lakukan untuk membuatmu merasa nyaman?"
general,"Apa yang bisa saya"
general,"Can you help me find information about unklab?"
general,"What is the best faculty at unklab?"
general,"What is the best faculty at unklab?"
general,"What faculties offer good careers at unklab?"
general,"What is the most favored faculty in unklab?"
General,"What faculty has the most students at unklab?"
General,"How do I visit the library at unklab?"
general,"Is it true that there are faculties at Klabat University?"
General,"Is there a faculty at Klabat University?"
general,"Is there a faculty at unklab?"
general,"How many years does it take to complete a bachelor's degree at unklab?"
general,"If there are academic problems at unklab who should be consulted?"
general,"How do I pay tuition fees at unklab?"
general,"Why can not you smoke in unklab?"
general,"Why should I choose unklab?"
general,"What are the advantages of Klabat University?"
General,"What are the advantages of Klabat University over other campuses?"
general,"what are the advantages of unklab?"
general,"what are the disadvantages at Klabat University?"
general,"what are the disadvantages of unklab?"
general,"Where is the location of the business office room?"
general,"Where is the location of the faculty room?"
general,"Klabat University is ranked number one in North Sulawesi?"
general,"Which unklab lecturers have graduated from?"
general,"what does SIU stand for?"
general,"Does unklab use English?"
general,"Does klabat university use English?"
general,"Does unklab have to use English?"
general,"Is unklab a Bilingual Campus"
general,"How far is it from Manado to the unklab campus?"
general,"Do you have the right conversational context?"
general,"what does unklab stand for?"
general,"how many lecturers are there in unklab?"
general,"lecturers in what faculty?"
general,"how many faculties at klabat university?"
general,"what does the word unklab stand for?"
general,"what does the term unklab stand for?"
General,"I am happy with unklab."
General,"How big is Klabat University?"
general,"klabat university"
general,"university of klabat (Unklab)"
general,"what is unklab?"
general,"do you know about unklab?"
general,"do you know about klabat university?"
general,"what is klabat university?"
general,"Dosen yang paling killer di universitas klabat?"
general,"Siapa dosen yang paling baik di unklab?"
general,"berapa jumlah mahasiswa di universitas klabat sekarang?"
general,"Ceritakan sedikit informasi tentang rektor unklab."
general,"Ceritakan sedikit informasi tentang istri dari."
general,"apa gelar terakhir dari wakil rektor bidang ?"
general,"apa yang unik dari campus unklab?"
general,"apa yang menarik dari campus universitas klabat?"
general,"apakah betul unklab hanya untuk orang kaya?"
general,"apakah di unklab biaya kuliah mahal?"
biaya,"apakah kuliah di unklab mahal?"
biaya,"Berapa biaya kuliah di unklab?"
biaya,"info biaya kuliah?"
biaya,"Kapan jadwal masuk kuliah di unklab?"
biaya,"info biaya kuliah per semester?"
biaya,"Berapa biaya kuliah di universitas klabat?"
biaya,"Bagaimana cara pembayaran biaya kuliah di universitas klabat?"
biaya,"Apa saja komponen biaya kuliah di universitas klabat?"
biaya,"Apakah universitas klabat memberikan beasiswa kepada mahasiswa?"
biaya,"Berapa biaya pemondokan di universitas klabat?"
biaya,"Apa saja fasilitas yang disediakan dalam biaya pemondokan di universitas klabat?"
biaya,"Apakah pemondokan di universitas klabat wajib?"
biaya,"Apakah biaya pemondokan termasuk dalam biaya kuliah di universitas klabat?"
biaya,"Apakah ada opsi pemondokan di luar kampus di universitas klabat?"
biaya,"Apakah universitas klabat memberikan subsidi pemondokan kepada mahasiswa?"
biaya,"Apakah ada program keringanan biaya kuliah di universitas klabat?"
biaya,"Berapa biaya kuliah untuk program studi tertentu di universitas klabat?"
biaya,"Apakah biaya kuliah di universitas klabat dapat dicicil?"
biaya,"Bagaimana cara mendapatkan informasi lebih lanjut mengenai biaya kuliah di universitas klabat?"
biaya,"bisakah memberikan sedikit info rincian biaya kuliah?"
biaya,"bisa kah kamu memberikan rincian biaya kuliah di unklab?"
biaya,"bisa kah kamu memberikan rincian biaya kuliah di unklab?"
biaya,"tolong berikan rincian biaya kuliah di unklab?"
biaya,"rincian biaya kuliah di unklab?"
biaya,"berikan rincian biaya kuliah di unklab?"
biaya,"bantu berikan rincian biaya kuliah di unklab?"
biaya,"detail rincian biaya kuliah di universitas klabat?"
biaya,"dapatkah kamu memberikan rincian biaya kuliah di unklab?"
biaya,"bagaimana cara membayar spp di unklab?"
biaya,"Berapa biaya untuk satu semester di unklab?"
biaya,"Berikan nomor kontak dari unklab?"
biaya,"Dimana alamat kampus unklab?"
biaya,"fakultas yang paling mahal di unklab?"
pendaftaran,"informasi pendaftaran."
pendaftaran,"apa saja yang perlu di siapkan untuk pendaftaran mahasiswa baru?"
pendaftaran,"dokumen apa saja yang perlu di siapkan untuk pendaftaran unklab?"
pendaftaran,"apakah pendaftaran di unklab sudah dibuka?"
pendaftaran,"kapan pendaftaran di unklab?"
pendaftaran,"bagaimana cara mendaftar di unklab?"
pendaftaran,"bagaimana cara untuk mendaftar sebagain mahasiswa baru di unklab?"
pendaftaran,"kapan pendaftaran mahasiswa baru di unklab?"
pendaftaran,"kapan pendaftaran di universitas klabat?"
pendaftaran,"kapan test masuk mahasiswa baru?"
pendaftaran,"biaya pendaftaran di unklab?"
pendaftaran,"berapa biaya pendaftaran di unklab?"
pendaftaran,"berapa biaya pendaftaran mahasiswa baru di unklab?"
pendaftaran,"kapan penerimaan mahasiswa baru di unklab?"
pendaftaran,"berapa biaya tes masuk di unklab?"
pendaftaran,"saya suka masuk di unklab, apakah bisa?"
pendaftaran,"saya suka masuk di unklab."
pendaftaran,"saya suka join di unklab."
pendaftaran,"syarat dan ketentuan pendfataran di unklab?"
pendaftaran,"jadwal test masuk mahasiswa baru?"
pendaftaran,"Calon Mahasiswa Baru dapat memilih untuk mengikuti Tes Masuk"
pendaftaran,"Jadwal Seleksi untuk calon mahasiswa baru PROFESI NERS"
pendaftaran,"Tes kemampuan akademik berbasis komputer (CBT)"
pendaftaran,"Tutorial cara melakukan transfer lewat UNKLAB virtual account"
pendaftaran,"Persyaratan untuk mengikuti Seleksi Calon Mahasiswa Baru Prefesi Ners"
pendaftaran,"Berapa biaya pendaftaran mahasiswa di universitas klabat?"
pendaftaran,"Tolong informasikan tentang biaya pendaftaran di universitas klabat."
pendaftaran,"Saya ingin tahu berapa biaya pendaftaran mahasiswa di universitas klabat."
pendaftaran,"Apakah ada informasi mengenai biaya pendaftaran di universitas klabat?"
pendaftaran,"Mohon berikan rincian biaya pendaftaran mahasiswa baru di universitas klabat."
pendaftaran,"Bagaimana cara mengetahui biaya pendaftaran mahasiswa di universitas klabat?"
pendaftaran,"Siapa yang dapat memberikan informasi tentang biaya pendaftaran di universitas klabat?"
pendaftaran,"Bolehkah saya menanyakan tentang biaya pendaftaran mahasiswa baru di universitas klabat?"
pendaftaran,"Tolong berikan informasi terkait biaya pendaftaran di universitas klabat."
pendaftaran,"Saya ingin mengetahui biaya pendaftaran untuk mahasiswa baru di universitas klabat."
pendaftaran,"Apakah universitas klabat memiliki informasi mengenai biaya pendaftaran mahasiswa baru?"
pendaftaran,"Mohon berikan detail biaya pendaftaran mahasiswa baru di universitas klabat."
pendaftaran,"Siapa yang bisa saya hubungi untuk mendapatkan informasi tentang biaya pendaftaran di universitas klabat?"
pendaftaran,"Apakah ada kontak yang bisa saya hubungi untuk menanyakan biaya pendaftaran di universitas klabat?"
pendaftaran,"Bagaimana cara mendapatkan informasi biaya pendaftaran mahasiswa baru di universitas klabat?"
pendaftaran,"Bagaimana saya bisa mendaftar di universitas klabat?"
pendaftaran,"How can I apply to Klabat University?"
pendaftaran,"tanggal berapa pendaftaran di buka?"
pendaftaran,"tanggal berapa pendaftaran mahasiswa baru di buka?"
pendaftaran,"Dokumen apa yang harus di siapkan untuk mendaftar di unklab?"
pendaftaran,"Kenapa mahasiswa baru harus masuk di asrama unklab?"
pendaftaran,"siapa yang bisa saya hubungi untuk pendafataran unklab?"
grading,"berikan informasi tentang cara penilaian di universitas klabat?"
grading,"cara penilaian atau grading di universitas klabat?"
grading,"bagaimana cara dosen memberikan nilai?"
grading,"apakah ada atauran untuk pemberian nilai di unklab?"
grading,"tampilkan grading system di unklab?"
grading,"bagaimana cara evaluasi nilai mahasiswa?"
grading,"Bagaimana sistem penilaian atau grading di universitas klabat?"
grading,"Tolong jelaskan tentang cara penilaian atau grading system di universitas klabat."
grading,"Saya ingin tahu bagaimana sistem penilaian mahasiswa di universitas klabat."
grading,"Apakah ada informasi mengenai cara penilaian atau grading di universitas klabat?"
grading,"Mohon berikan penjelasan tentang grading system yang digunakan di universitas klabat."
grading,"Bagaimana cara mengetahui sistem penilaian mahasiswa di universitas klabat?"
grading,"Siapa yang dapat memberikan informasi tentang cara penilaian atau grading di universitas klabat?"
grading,"Bolehkah saya menanyakan tentang sistem penilaian atau grading mahasiswa di universitas klabat?"
grading,"Tolong berikan informasi terkait cara penilaian atau grading di universitas klabat."
grading,"Saya ingin mengetahui cara penilaian mahasiswa di universitas klabat."
grading,"Apakah universitas klabat memiliki informasi mengenai grading system yang digunakan?"
grading,"Mohon berikan detail tentang sistem penilaian mahasiswa di universitas klabat."
grading,"Siapa yang bisa saya hubungi untuk mendapatkan informasi tentang cara penilaian atau grading di universitas klabat?"
grading,"Apakah ada kontak yang bisa saya hubungi untuk menanyakan tentang sistem penilaian mahasiswa di universitas klabat?"
grading,"Bagaimana cara mendapatkan informasi tentang cara penilaian atau grading system di universitas klabat?"
grading,"bagaimana cara dosen unklab memberikan nilai? apakah sesuai standar?"
grading,"bagaimana cara dosen unklab memberikan nilai?"
grading,"bagaimana proses penilaian di unklab?"
grading,"Apakah dosen di unklab bermutu?"
sejarah,"ceritakan sedikit sejarah tentang unklab?"
sejarah,"ceritakan sedikit sejarah unklab?"
sejarah,"apa ya sejarah dari unklab?"
sejarah,"coba jelaskan singkat sejarah unklab?"
sejarah,"coba jelaskan sejarah universitas klabat?"
sejarah,"unklab didirikan tahun berapa?"
sejarah,"Tahun 1965 universitas klabat (UNKLAB) didirikan"
sejarah,"Tahun berapa unklab didirikan?"
sejarah,"Berapa umur unklab sekarang?"
sejarah,"Berapa umur universitas klabat sekarang?"
sejarah,"umur unklab sekarang?"
sejarah,"Berapa umur unklab sejak didirikan?"
sejarah,"apa nama awal unklab pada saat di dirikan?"
sejarah,"apa arti dari lambang unklab?"
sejarah,"lambang unklab artinya apa?"
sejarah,"ceritakan dengan singkat sejarah unklab?"
sejarah,"siapa rektor pertama unklab?"
sejarah,"arti logo dari unklab?"
sejarah,"apa logo dari unklab?"
sejarah,"apa lambang dari unklab?"
sejarah,"apa lambang dari universitas klabat?"
sejarah,"apa arti lambang dari unklab?"
sejarah,"Tolong ceritakan tentang sejarah universitas klabat."
sejarah,"Bagaimana sejarah terbentuknya universitas klabat?"
sejarah,"Saya ingin tahu lebih banyak tentang sejarah di universitas klabat."
sejarah,"Apakah ada informasi mengenai sejarah pendirian universitas klabat?"
sejarah,"Mohon berikan gambaran tentang sejarah universitas klabat."
sejarah,"Bagaimana perjalanan sejarah universitas klabat?"
sejarah,"Siapa yang dapat memberikan informasi sejarah universitas klabat?"
sejarah,"Bolehkah saya menanyakan tentang sejarah universitas klabat?"
sejarah,"Tolong berikan informasi terkait sejarah di universitas klabat."
sejarah,"Saya ingin mengetahui latar belakang sejarah universitas klabat."
sejarah,"Apakah universitas klabat memiliki informasi sejarah yang lengkap?"
sejarah,"Mohon berikan detail sejarah universitas klabat."
sejarah,"Siapa yang bisa saya hubungi untuk mendapatkan informasi tentang sejarah universitas klabat?"
sejarah,"Apakah ada kontak yang bisa saya hubungi untuk menanyakan sejarah universitas klabat?"
sejarah,"Bagaimana cara mendapatkan informasi sejarah di universitas klabat?"
sejarah,"Bagaimana sejarah berdirinya universitas klabat?"
sejarah,"Bagaimana awal terbentuknya universitas klabat?"
visimisi,"apa visi dan misi dari unklab?"
visimisi,"sebutkan visi dan misi dari unklab?"
visimisi,"apa misi dari unklab?"
visimisi,"apa visi dari unklab?"
visimisi,"jelaskan visi dan misi universitas klabat?"
visimisi,"jelaskan visi dan misi unklab?"
visimisi,"apa tujuan didirikannya unklab?"
visimisi,"jelaskan dengan singkat visi, misi, tujuan dari unklab?"
visimisi,"tolong jelaskan dengan singkat visi dan misi dari universitas klabat?"
visimisi,"tolong jelaskan dengan singkat visi dan misi dari unklab?"
visimisi,"Tolong jelaskan tentang visi dan misi universitas klabat."
visimisi,"Apakah ada informasi mengenai visi dan misi universitas klabat?"
visimisi,"Saya ingin mengetahui visi dan misi di universitas klabat."
visimisi,"Mohon berikan gambaran tentang visi dan misi universitas klabat."
visimisi,"Apa yang menjadi visi dan misi dalam pengembangan universitas klabat?"
visimisi,"Bagaimana visi dan misi universitas klabat tercermin dalam kegiatan mereka?"
visimisi,"Siapa yang dapat memberikan informasi tentang visi dan misi di universitas klabat?"
visimisi,"Bolehkah saya menanyakan tentang visi dan misi universitas klabat?"
visimisi,"Tolong berikan informasi terkait visi dan misi di universitas klabat."
visimisi,"Saya ingin mengetahui visi dan misi yang dipegang oleh universitas klabat."
visimisi,"Apakah universitas klabat memiliki visi dan misi yang jelas?"
visimisi,"Mohon berikan detail visi dan misi universitas klabat."
visimisi,"Siapa yang bisa saya hubungi untuk mendapatkan informasi tentang visi dan misi di universitas klabat?"
visimisi,"Apakah ada kontak yang bisa saya hubungi untuk menanyakan tentang visi dan misi universitas klabat?"
visimisi,"Bagaimana cara mendapatkan informasi tentang visi dan misi di universitas klabat?"
visimisi,"apakah unklab memiliki visi yang jelas?"
scholarship,"saya mau scholarship beasiswa di unklab?"
scholarship,"apakah unklab memiliki program beasiswa luar negeri?"
scholarship,"apakah unklab memiliki program beasiswa?"
scholarship,"Apakah di unklab ada program studi magister?"
scholarship,"apakah ada program master di unklab?"
scholarship,"apakah di unklab ada beasiswa?"
scholarship,"apakah di unklab ada beasiswa untuk mahasiswa baru?"
scholarship,"apakah di unklab ada beasiswa prestasi?"
scholarship,"apakah di unklab ada beasiswa untuk mahasiswa?"
scholarship,"apakah ada beasiswa prestasi di unklab?"
scholarship,"apakah ada beasiswa di unklab?"
scholarship,"bagaimana cara untuk mendaftar beasiswa di unklab?"
scholarship,"Apakah universitas klabat menyediakan program beasiswa?"
scholarship,"Tolong informasikan tentang beasiswa yang tersedia di universitas klabat."
scholarship,"Saya ingin tahu lebih banyak tentang program beasiswa di universitas klabat."
scholarship,"Apakah ada informasi mengenai beasiswa yang ditawarkan oleh universitas klabat?"
scholarship,"Mohon berikan rincian tentang program beasiswa di universitas klabat."
scholarship,"Bagaimana cara mendapatkan informasi tentang beasiswa di universitas klabat?"
scholarship,"Siapa yang dapat memberikan informasi tentang beasiswa di universitas klabat?"
scholarship,"Bolehkah saya menanyakan tentang program beasiswa di universitas klabat?"
scholarship,"Tolong berikan informasi terkait beasiswa yang tersedia di universitas klabat."
scholarship,"Saya ingin mengetahui jenis-jenis beasiswa yang ada di universitas klabat."
scholarship,"Apakah universitas klabat memiliki informasi mengenai persyaratan beasiswa?"
scholarship,"Mohon berikan detail tentang program beasiswa di universitas klabat."
scholarship,"Siapa yang bisa saya hubungi untuk mendapatkan informasi tentang beasiswa di universitas klabat?"
scholarship,"Apakah ada kontak yang bisa saya hubungi untuk menanyakan informasi beasiswa di universitas klabat?"
scholarship,"Bagaimana cara mendapatkan formulir pendaftaran beasiswa di universitas klabat?"
scholarship,"saya mau menfatar di unklab. apakah ada beasiswa?"
asmi,"apakah ada fakultas jurusan sekertaris di unklab?"
asmi,"berikan saya sekit informasi tentang jurusan sekertaris?"
asmi,"saya mau masuk jurusan sekertaris di unklab."
asmi,"ASMI"
asmi,"ASMI unklab?"
asmi,"apa itu ASMI unklab?"
asmi,"apa itu ASMI?"
asmi,"apa kepanjangan ASMI?"
asmi,"apa kepanjangan ASMI di unklab?"
asmi,"apa kepanjangan dari ASMI di universitas klabat?"
asmi,"latar belakang dari program studi asmi?"
asmi,"siapa dekan di program studi asmi?"
asmi,"siapa dekan di fakultas asmi?"
asmi,"siapa dekan di asmi?"
asmi,"siapa dekan di asmi unklab?"
asmi,"siapa dekan di asmi universitas klabat?"
asmi,"dekan di asmi universitas klabat?"
asmi,"siapa dekan dari prodi asmi atau Akademi Sekretari Manajemen Indonesia?"
asmi,"Apakah universitas klabat memiliki program studi Sekretari Manajemen Indonesia (ASMI)?"
asmi,"Tolong informasikan tentang program studi Sekretari Manajemen Indonesia di universitas klabat."
asmi,"Saya ingin tahu lebih banyak tentang program studi ASMI di universitas klabat."
asmi,"Apakah ada informasi mengenai program studi Sekretari Manajemen Indonesia di universitas klabat?"
asmi,"Mohon berikan rincian tentang program studi ASMI di universitas klabat."
asmi,"Bagaimana cara mendaftar ke program studi Sekretari Manajemen Indonesia di universitas klabat?"
asmi,"Siapa yang dapat memberikan informasi tentang program studi ASMI di universitas klabat?"
asmi,"Bolehkah saya menanyakan tentang program studi Sekretari Manajemen Indonesia di universitas klabat?"
asmi,"Tolong berikan informasi terkait program studi ASMI di universitas klabat."
asmi,"Saya ingin mengetahui kurikulum yang ditawarkan oleh program studi Sekretari Manajemen Indonesia di universitas klabat."
asmi,"Apakah universitas klabat memiliki informasi mengenai prospek karir lulusan program studi ASMI?"
asmi,"Mohon berikan detail tentang program studi Sekretari Manajemen Indonesia di universitas klabat."
asmi,"Siapa yang bisa saya hubungi untuk mendapatkan informasi tentang program studi ASMI di universitas klabat?"
asmi,"Apakah ada kontak yang bisa saya hubungi untuk menanyakan informasi program studi Sekretari Manajemen Indonesia di universitas klabat?"
asmi,"Bagaimana cara mendapatkan brosur atau informasi lebih lanjut tentang program studi ASMI di universitas klabat?"
asmi,"Apa saja materi kuliah yang diajarkan dalam program studi Sekretari Manajemen Indonesia di universitas klabat?"
asmi,"Apakah ada kegiatan ekstrakurikuler yang terkait dengan program studi ASMI di universitas klabat?"
asmi,"Apakah program studi Sekretari Manajemen Indonesia di universitas klabat terakreditasi?"
asmi,"Apakah ada beasiswa khusus untuk mahasiswa program studi ASMI di universitas klabat?"
asmi,"Berapa lama masa studi dalam program studi Sekretari Manajemen Indonesia di universitas klabat?"
asmi,"Apakah ada kerja praktik atau magang yang diwajibkan dalam program studi ASMI di universitas klabat?"
asmi,"apa visi dan misi dari jurusan sekretaris?"
asmi,"apakah benar adalah dekan asmi?"
ekonomi,"UBS"
ekonomi,"UBS unklab"
ekonomi,"apa yang dimaksud dengan UBS?"
ekonomi,"apa yang dimaksud dengan feb unklab?"
ekonomi,"feb"
ekonomi,"feb unklab"
ekonomi,"apa itu feb?"
ekonomi,"apa itu fakultas ekonomi?"
ekonomi,"berikan saya sekit informasi tentang fakultas ekonomi dan bisnis?"
ekonomi,"ceritakan sedikit tentang fakultas ekonomi unklab?"
ekonomi,"apa kepanjangan dari FEB di unklab?"
ekonomi,"apa kepanjangan dari FEB di universitas klabat?"
ekonomi,"apa kepanjangan FEB?"
ekonomi,"siapa dekan di FEB atau fakultas ekonomi?"
ekonomi,"apa kepanjangan UBS?"
ekonomi,"apa kepanjangan dari UBS?"
ekonomi,"apa kepanjangan dari UBS di universitas klabat?"
ekonomi,"latar belakang dari program di fakultas ekonomi dan bisnis?"
ekonomi,"siapa dekan di fakultas ekonomi dan bisnis?"
ekonomi,"siapa dekan di fakultas ekonomi unklab?"
ekonomi,"dekan di fakultas ekonomi?"
ekonomi,"dekan di feb?"
ekonomi,"Apakah universitas klabat memiliki fakultas ekonomi dan Bisnis?"
ekonomi,"Tolong informasikan tentang fakultas ekonomi dan Bisnis di universitas klabat."
ekonomi,"Saya ingin tahu lebih banyak tentang fakultas ekonomi dan Bisnis di universitas klabat."
ekonomi,"Apakah ada informasi mengenai fakultas ekonomi dan Bisnis di universitas klabat?"
ekonomi,"Mohon berikan rincian tentang fakultas ekonomi dan Bisnis di universitas klabat."
ekonomi,"Bagaimana cara mendaftar ke fakultas ekonomi dan Bisnis di universitas klabat?"
ekonomi,"Siapa yang dapat memberikan informasi tentang fakultas ekonomi dan Bisnis di universitas klabat?"
ekonomi,"Bolehkah saya menanyakan tentang fakultas ekonomi dan Bisnis di universitas klabat?"
ekonomi,"Tolong berikan informasi terkait fakultas ekonomi dan Bisnis di universitas klabat."
ekonomi,"Saya ingin mengetahui program studi yang ada di fakultas ekonomi dan Bisnis di universitas klabat."
ekonomi,"Apakah universitas klabat memiliki informasi mengenai prospek karir lulusan fakultas ekonomi dan Bisnis?"
ekonomi,"Mohon berikan detail tentang fakultas ekonomi dan Bisnis di universitas klabat."
ekonomi,"Siapa yang bisa saya hubungi untuk mendapatkan informasi tentang fakultas ekonomi dan Bisnis di universitas klabat?"
ekonomi,"Apakah ada kontak yang bisa saya hubungi untuk menanyakan informasi fakultas ekonomi dan Bisnis di universitas klabat?"
ekonomi,"Bagaimana cara mendapatkan brosur atau informasi lebih lanjut tentang fakultas ekonomi dan Bisnis di universitas klabat?"
ekonomi,"Siapa dekan dari fakultas ekonomi dan Bisnis di universitas klabat?"
ekonomi,"Apakah ada beasiswa khusus untuk mahasiswa fakultas ekonomi dan Bisnis di universitas klabat?"
ekonomi,"Berapa lama masa studi dalam fakultas ekonomi dan Bisnis di universitas klabat?"
ekonomi,"Apakah ada kerja praktik atau magang yang diwajibkan dalam fakultas ekonomi dan Bisnis di universitas klabat?"
ekonomi,"siapa saja dosen di fakultas ekonomi?"
ekonomi,"siapa saja dosen di FEB?"
ekonomi,"apa visi dan misi dari fakultas ekonomi?"
ekonomi,"apa visi dan misi fakultas feb?"
ekonomi,"apakah benar adalah dekan fakultas ekonomi?"
filsafat,"fakultas filsafat"
filsafat,"fakultas filsafat adalah"
filsafat,"apa itu fakultas filsafat?"
filsafat,"berikan saya sekit informasi tentang fakultas filsafat?"
filsafat,"fakultas fisafat adalah?"
filsafat,"ceritakan sedikit tentang fakultas filsafat?"
filsafat,"fakultas fisafat mengajarkan tentang apa?"
filsafat,"fakultas fisafat unklab belajar tentang apa?"
filsafat,"apa kepanjangan dari ffil di unklab?"
filsafat,"apa kepanjangan ffil?"
filsafat,"latar belakang dari fakultas filsafat?"
filsafat,"siapa dekan dari fakultas filsafat?"
filsafat,"siapa dekan filsafat?"
filsafat,"dekan di fakultas filsafat?"
filsafat,"siapa dekan fakultas filsafat?"
filsafat,"siapa saja dosen di fakultas filsafat?"
filsafat,"Apakah universitas klabat memiliki fakultas Filsafat?"
filsafat,"Tolong informasikan tentang fakultas Filsafat di universitas klabat."
filsafat,"Saya ingin tahu lebih banyak tentang fakultas Filsafat di universitas klabat."
filsafat,"Apakah ada informasi mengenai fakultas Filsafat di universitas klabat?"
filsafat,"Mohon berikan rincian tentang fakultas Filsafat di universitas klabat."
filsafat,"Bagaimana cara mendaftar ke fakultas Filsafat di universitas klabat?"
filsafat,"Siapa yang dapat memberikan informasi tentang fakultas Filsafat di universitas klabat?"
filsafat,"Bolehkah saya menanyakan tentang fakultas Filsafat di universitas klabat?"
filsafat,"Tolong berikan informasi terkait fakultas Filsafat di universitas klabat."
filsafat,"Saya ingin mengetahui program studi yang ada di fakultas Filsafat di universitas klabat."
filsafat,"Apakah universitas klabat memiliki informasi mengenai prospek karir lulusan fakultas Filsafat?"
filsafat,"Mohon berikan detail tentang fakultas Filsafat di universitas klabat."
filsafat,"Siapa yang bisa saya hubungi untuk mendapatkan informasi tentang fakultas Filsafat di universitas klabat?"
filsafat,"Apakah ada kontak yang bisa saya hubungi untuk menanyakan informasi fakultas Filsafat di universitas klabat?"
filsafat,"Bagaimana cara mendapatkan brosur atau informasi lebih lanjut tentang fakultas Filsafat di universitas klabat?"
filsafat,"Siapa dekan dari fakultas Filsafat di universitas klabat?"
filsafat,"Apakah ada beasiswa khusus untuk mahasiswa fakultas Filsafat di universitas klabat?"
filsafat,"Berapa lama masa studi dalam fakultas Filsafat di universitas klabat?"
filsafat,"Apakah ada kerja praktik atau magang yang diwajibkan dalam fakultas Filsafat di universitas klabat?"
filsafat,"apa visi dan misi dari fakultas filsafat?"
fisafat,"apakah benar adalah dekan fakultas filsafat?"
filkom,"fik"
filkom,"filkom"
filkom,"fakultas ilmu komputer"
filkom,"informatika"
filkom,"sistem informasi"
filkom,"teknik informatika"
filkom,"filkom unklab"
filkom,"apa itu filkom?"
filkom,"apa kepanjangan dari filkom di unklab?"
filkom,"apa kepanjangan filkom?"
filkom,"kepanjangan fik?"
filkom,"kepanjangan filkom?"
filkom,"apa kepanjangan filkom di unklab?"
filkom,"apa kepanjangan filkom di universitas klabat?"
filkom,"berikan saya sekit informasi tentang fakultas komputer?"
filkom,"apa itu fakultas ilmu komputer?"
filkom,"ceritakan sedikit tentang fakultas komputer?"
filkom,"di fakultas ilmu komputer kita belajar tentang apa?"
filkom,"apa ilmu yang didapat dari fakultas ilmu komputer?"
filkom,"lulus dari fakultas komputer kita jadi apa?"
filkom,"fakultas ilmu komputer atau filkom mengajar apa?"
filkom,"apa saja yang ditawarkan filkom unklab?"
filkom,"apa latar belakang dari fakultas ilmu komputer?"
filkom,"siapa dekan dari fakultas ilmu komputer atau filkom?"
filkom,"siapa dekan komputer?"
filkom,"siapa dekan filkom?"
filkom,"siapa dekan fakultas filkom?"
filkom,"siapa ya dekan fakultas filkom?"
filkom,"siapa dekan filkom?"
filkom,"dekan filkom?"
filkom,"siapa kaprodi informatika filkom?"
filkom,"siapa kaprodi sistem informasi filkom?"
filkom,"siapa kepala prodi informatika filkom?"
filkom,"siapa kepala prodi sistem informasi filkom?"
filkom,"siapa kepala prodi informatika dari fakultas ilmu komputer?"
filkom,"siapa kepala prodi sistem informasi dari fakultas ilmu komputer?"
filkom,"siapa ya dekan fakultas ilmu komputer?"
filkom,"siapa saja dosen di fakultas ilmu komputer?"
filkom,"Apakah universitas klabat memiliki fakultas ilmu Komputer atau Filkom?"
filkom,"Tolong informasikan tentang fakultas ilmu Komputer atau Filkom di universitas klabat."
filkom,"Saya ingin tahu lebih banyak tentang fakultas ilmu Komputer atau Filkom di universitas klabat."
filkom,"Apakah ada informasi mengenai fakultas ilmu Komputer atau Filkom di universitas klabat?"
filkom,"Mohon berikan rincian tentang fakultas ilmu Komputer atau Filkom di universitas klabat."
filkom,"Bagaimana cara mendaftar ke fakultas ilmu Komputer atau Filkom di universitas klabat?"
filkom,"Siapa yang dapat memberikan informasi tentang fakultas ilmu Komputer atau Filkom di universitas klabat?"
filkom,"Bolehkah saya menanyakan tentang fakultas ilmu Komputer atau Filkom di universitas klabat?"
filkom,"Tolong berikan informasi terkait fakultas ilmu Komputer atau Filkom di universitas klabat."
filkom,"Saya ingin mengetahui program studi yang ada di fakultas ilmu Komputer atau Filkom di universitas klabat."
filkom,"Apakah universitas klabat memiliki informasi mengenai prospek karir lulusan fakultas ilmu Komputer atau Filkom?"
filkom,"Mohon berikan detail tentang fakultas ilmu Komputer atau Filkom di universitas klabat."
filkom,"Siapa yang bisa saya hubungi untuk mendapatkan informasi tentang fakultas ilmu Komputer atau Filkom di universitas klabat?"
filkom,"Tolong berikan informasi tentang fakultas ilmu komputer?"
filkom,"Apakah ada kontak yang bisa saya hubungi untuk menanyakan informasi fakultas ilmu Komputer atau Filkom di universitas klabat?"
filkom,"Bagaimana cara mendapatkan brosur atau informasi lebih lanjut tentang fakultas ilmu Komputer atau Filkom di universitas klabat?"
filkom,"Siapa dekan dari fakultas ilmu Komputer atau Filkom di universitas klabat?"
filkom,"Apakah ada beasiswa khusus untuk mahasiswa fakultas ilmu Komputer atau Filkom di universitas klabat?"
filkom,"Berapa lama masa studi dalam fakultas ilmu Komputer atau Filkom di universitas klabat?"
filkom,"Apakah ada kerja praktik atau magang yang diwajibkan dalam fakultas ilmu Komputer atau Filkom di universitas klabat?"
filkom,"apa visi dan misi fakultas ilmu komputer?"
filkom,"student di Program Studi Informatika dapat berprofesi menjadi apa?"
filkom,"student di Program Studi sistem informasi dapat berprofesi menjadi apa?"
filkom,"apa visi dan misi dari fakultas ilmu komputer?"
filkom,"apa visi dan misi dari filkom?"
filkom,"ada berapa prodi di fakultas ilmu komputer?"
filkom,"ada berapa prodi di filkom?"
filkom,"apakah benar adalah dekan fakultas ilmu komputer?"
filkom,"apakah benar adalah dekan filkom?"
fkip,"fkip"
fkip,"fkip unklab"
fkip,"apa itu fkip?"
fkip,"apa kepanjangan fkip?"
fkip,"apa kepanjangan dari fkip di unklab?"
fkip,"fakultas keguruan"
fkip,"fakultas keguruan dan ilmu pendidikan"
fkip,"apa itu fakultas keguruan?"
fkip,"ceritakan sedikit tentang fakultas keguruan dan ilmu pendidikan?"
fkip,"latar belakang dari fakultas fakultas Keguruan & ilmu Pendidikan (FKIP)?"
fkip,"siapa dekan di fakultas keguruan?"
fkip,"siapa ya dekan di fakultas keguruan?"
fkip,"siapa dekan di fakultas keguruan unklab?"
fkip,"siapa dekan di fakultas keguruan universitas klabat?"
fkip,"dekan fakultas keguruan?"
fkip,"siapa dekan dari fakultas fakultas Keguruan & ilmu Pendidikan (FKIP)?"
fkip,"siapa saja dosen di fakultas fakultas Keguruan & ilmu Pendidikan (FKIP)?"
fkip,"apa visi dan misi fakultas Keguruan & ilmu Pendidikan (FKIP)"
fkip,"Apakah universitas klabat memiliki fakultas Keguruan & ilmu Pendidikan atau FKIP?"
fkip,"Tolong informasikan tentang fakultas Keguruan & ilmu Pendidikan atau FKIP di universitas klabat."
fkip,"Saya ingin tahu lebih banyak tentang fakultas Keguruan & ilmu Pendidikan atau FKIP di universitas klabat."
fkip,"Apakah ada informasi mengenai fakultas Keguruan & ilmu Pendidikan atau FKIP di universitas klabat?"
fkip,"Mohon berikan rincian tentang fakultas Keguruan & ilmu Pendidikan atau FKIP di universitas klabat."
fkip,"Bagaimana cara mendaftar ke fakultas Keguruan & ilmu Pendidikan atau FKIP di universitas klabat?"
fkip,"Siapa yang dapat memberikan informasi tentang fakultas Keguruan & ilmu Pendidikan atau FKIP di universitas klabat?"
fkip,"Bolehkah saya menanyakan tentang fakultas Keguruan & ilmu Pendidikan atau FKIP di universitas klabat?"
fkip,"Tolong berikan informasi terkait fakultas Keguruan & ilmu Pendidikan atau FKIP di universitas klabat."
fkip,"Saya ingin mengetahui program studi yang ada di fakultas Keguruan & ilmu Pendidikan atau FKIP di universitas klabat."
fkip,"Apakah universitas klabat memiliki informasi mengenai prospek karir lulusan fakultas Keguruan & ilmu Pendidikan atau FKIP?"
fkip,"Mohon berikan detail tentang fakultas Keguruan & ilmu Pendidikan atau FKIP di universitas klabat."
fkip,"Siapa yang bisa saya hubungi untuk mendapatkan informasi tentang fakultas Keguruan & ilmu Pendidikan atau FKIP di universitas klabat?"
fkip,"Apakah ada kontak yang bisa saya hubungi untuk menanyakan informasi fakultas Keguruan & ilmu Pendidikan atau FKIP di universitas klabat?"
fkip,"Bagaimana cara mendapatkan brosur atau informasi lebih lanjut tentang fakultas Keguruan & ilmu Pendidikan atau FKIP di universitas klabat?"
fkip,"Siapa dekan dari fakultas Keguruan & ilmu Pendidikan atau FKIP di universitas klabat?"
fkip,"Apakah ada beasiswa khusus untuk mahasiswa fakultas Keguruan & ilmu Pendidikan atau FKIP di universitas klabat?"
fkip,"Berapa lama masa studi dalam fakultas Keguruan & ilmu Pendidikan atau FKIP di universitas klabat?"
fkip,"Apakah ada kerja praktik atau magang yang diwajibkan dalam fakultas Keguruan & ilmu Pendidikan atau FKIP di universitas klabat?"
fkip,"apa visi dan misi dari fakultas keguruan?"
fkip,"apa visi dan misi dari fkip?"
fkip,"apakah benar adalah dekan fakultas keguruan?"
fkip,"apakah benar adalah dekan fakultas fkip?"
fakper,"fakultas pertanian?"
fakper,"apa kepanjangan dari fakper di unklab?"
fakper,"apa kepanjangan fakper?"
fakper,"apa itu fakultas pertanian?"
fakper,"ceritakan sedikit tentang fakultas pertanian?"
fakper,"latar belakang dari fakultas pertanian di unklab?"
fakper,"siapa dekan dari fakultas pertanian?"
fakper,"dekan di fakultas pertanian?"
fakper,"siapa dekan di fakultas pertanian?"
fakper,"dekan fakultas pertanian?"
fakper,"siapa dekan dari fakultas pertanian?"
fakper,"dekan di fakultas pertanian?"
fakper,"siapa saja dosen di fakultas pertanian?"
fakper,"apa visi dan misi fakultas pertanian?"
fakper,"Apakah universitas klabat memiliki fakultas Pertanian atau FakPer?"
fakper,"Tolong informasikan tentang fakultas Pertanian atau FakPer di universitas klabat."
fakper,"Saya ingin tahu lebih banyak tentang fakultas Pertanian atau FakPer di universitas klabat."
fakper,"Apakah ada informasi mengenai fakultas Pertanian atau FakPer di universitas klabat?"
fakper,"Mohon berikan rincian tentang fakultas Pertanian atau FakPer di universitas klabat."
fakper,"Bagaimana cara mendaftar ke fakultas Pertanian atau FakPer di universitas klabat?"
fakper,"Siapa yang dapat memberikan informasi tentang fakultas Pertanian atau FakPer di universitas klabat?"
fakper,"Bolehkah saya menanyakan tentang fakultas Pertanian atau FakPer di universitas klabat?"
fakper,"Tolong berikan informasi terkait fakultas Pertanian atau FakPer di universitas klabat."
fakper,"Saya ingin mengetahui program studi yang ada di fakultas Pertanian atau FakPer di universitas klabat."
fakper,"Apakah universitas klabat memiliki informasi mengenai prospek karir lulusan fakultas Pertanian atau FakPer?"
fakper,"Mohon berikan detail tentang fakultas Pertanian atau FakPer di universitas klabat."
fakper,"Siapa yang bisa saya hubungi untuk mendapatkan informasi tentang fakultas Pertanian atau FakPer di universitas klabat?"
fakper,"Apakah ada kontak yang bisa saya hubungi untuk menanyakan informasi fakultas Pertanian atau FakPer di universitas klabat?"
fakper,"Bagaimana cara mendapatkan brosur atau informasi lebih lanjut tentang fakultas Pertanian atau FakPer di universitas klabat?"
fakper,"Siapa dekan dari fakultas Pertanian atau FakPer di universitas klabat?"
fakper,"Apakah ada beasiswa khusus untuk mahasiswa fakultas Pertanian atau FakPer di universitas klabat?"
fakper,"Berapa lama masa studi dalam fakultas Pertanian atau FakPer di universitas klabat?"
fakper,"Apakah ada kerja praktik atau magang yang diwajibkan dalam fakultas Pertanian atau FakPer di universitas klabat?"
fakper,"apa visi dan misi dari fakultas pertanian?"
fakper,"apakah benar adalah dekan fakultas pertanian?"
fakper,"apakah benar adalah dekan FakPer?"
fkep,"apa kepanjangan dari fkep di unklab?"
fkep,"apa kepanjangan fkep?"
fkep,"fkep"
fkep,"fkep unklab"
fkep,"apa itu fkep?"
fkep,"fakultas keperawatan"
fkep,"apa itu fakultas keperawatan?"
fkep,"ceritakan sedikit tentang fkep?"
fkep,"latar belakang dari fakultas keperawatan?"
fkep,"siapa dekan dari fakultas keperawatan?"
fkep,"dekan dari fakultas keperawatan?"
fkep,"siapa dekan di fakultas keperawatan?"
fkep,"siapa dekan di fakultas keperawatan unklab?"
fkep,"siapa dekan di fakultas keperawatan universitas klabat?"
fkep,"dekan fakultas keperawatan?"
fkep,"dekan keperawatan?"
fkep,"info siapa ya dekan dari fakultas keperawatan?"
fkep,"apa visi dan misi dari fakultas keperawatan?"
fkep,"siapa saja dosen di fakultas keperawatan?"
fkep,"apa visi dan misi fakultas keperawatan"
fkep,"apa visi dan misi fkep"
fkep,"Apa yang dapat Anda ceritakan tentang fakultas Keperawatan di universitas klabat?"
fkep,"Tolong berikan informasi tentang program studi yang ditawarkan di fakultas Keperawatan universitas klabat."
fkep,"Bagaimana proses penerimaan mahasiswa baru di fakultas Keperawatan universitas klabat?"
fkep,"Siapa dekan fakultas Keperawatan di universitas klabat?"
fkep,"Apakah fakultas Keperawatan di universitas klabat memiliki laboratorium modern?"
fkep,"Apa saja kegiatan ekstrakurikuler yang ada di fakultas Keperawatan universitas klabat?"
fkep,"Apakah fakultas Keperawatan universitas klabat memiliki program magister atau doktor?"
fkep,"Dapatkah saya mendapatkan informasi tentang kurikulum yang digunakan di fakultas Keperawatan?"
fkep,"Apakah fakultas Keperawatan di universitas klabat memiliki beasiswa?"
fkep,"Bagaimana kualitas pengajaran di fakultas Keperawatan universitas klabat?"
fkep,"Apakah fakultas Keperawatan universitas klabat memiliki program pertukaran pelajar?"
fkep,"Apakah ada kesempatan berkarir di bidang keperawatan setelah lulus dari fakultas Keperawatan?"
fkep,"Bagaimana koneksi industri fakultas Keperawatan di universitas klabat?"
fkep,"Apakah fakultas Keperawatan universitas klabat menyelenggarakan seminar atau konferensi?"
fkep,"Apa saja fasilitas yang tersedia di fakultas Keperawatan universitas klabat?"
fkep,"Bagaimana reputasi fakultas Keperawatan universitas klabat di bidang keperawatan?"
fkep,"Apakah fakultas Keperawatan di universitas klabat memiliki program magang?"
fkep,"Berapa lama masa studi di fakultas Keperawatan universitas klabat?"
fkep,"Bagaimana sistem pembelajaran di fakultas Keperawatan universitas klabat?"
fkep,"Apakah fakultas Keperawatan universitas klabat memiliki program kerjasama internasional?"
fkep,"apakah benar adalah dekan fakultas Keperawatan?"
fkep,"apakah benar adalah dekan fkep?"
